rcu_id,birth_year,customer_segment,household_size,income_band,region,marketing_opt_in,customer_since
RCU00000000,1961,standard,5,very_high,south,1,2019-07-06
RCU00000001,1952,elite,3,very_high,south,0,2019-01-26
RCU00000002,1972,standard,4,very_high,central,1,2015-11-15
RCU00000003,1986,basic,5,high,west,0,2019-03-22
RCU00000004,1958,basic,2,medium,west,0,2015-01-24
RCU00000005,1957,basic,5,low,east,0,2016-07-09
RCU00000006,1959,basic,2,medium,central,0,2016-07-22
RCU00000007,1975,basic,4,very_high,north,1,2013-02-02
RCU00000008,1982,standard,1,very_high,central,1,2019-04-21
RCU00000009,1983,basic,6,low,central,1,2021-06-02
RCU00000010,1962,standard,4,low,south,1,2015-11-18
RCU00000011,1983,basic,3,medium,north,0,2019-04-07
RCU00000012,1963,premium,4,very_high,north,0,2022-03-21
RCU00000013,1982,standard,5,medium,north,1,2020-07-23
RCU00000014,1979,elite,1,low,central,0,2018-11-06
RCU00000015,1975,standard,5,very_high,east,0,2021-01-26
RCU00000016,1964,elite,1,high,east,0,2016-10-07
RCU00000017,1992,premium,3,high,east,1,2019-06-26
RCU00000018,1980,premium,3,high,east,0,2012-07-17
RCU00000019,1984,premium,4,high,west,1,2021-03-20
RCU00000020,1953,premium,3,low,central,0,2011-04-22
RCU00000021,1969,standard,1,high,east,0,2020-12-16
RCU00000022,1951,elite,3,medium,central,1,2021-12-11
RCU00000023,1987,basic,2,low,central,1,2020-01-05
RCU00000024,1950,basic,4,very_high,south,0,2020-12-02
RCU00000025,1980,standard,5,high,central,1,2020-09-17
RCU00000026,1966,elite,2,medium,west,0,2013-02-03
RCU00000027,1970,basic,5,high,north,1,2014-09-20
RCU00000028,1984,basic,5,high,central,0,2018-07-07
RCU00000029,1990,standard,3,high,east,1,2017-03-20
RCU00000030,1989,premium,3,low,west,1,2021-02-19
RCU00000031,1975,basic,6,very_high,central,1,2011-11-14
RCU00000032,1961,premium,3,high,east,1,2020-11-26
RCU00000033,1964,premium,1,high,central,0,2016-09-03
RCU00000034,1976,standard,2,low,central,0,2018-03-26
RCU00000035,1984,elite,1,very_high,north,1,2010-05-12
RCU00000036,1954,standard,5,low,central,1,2019-12-26
RCU00000037,1953,basic,2,high,north,1,2014-01-02
RCU00000038,1993,premium,1,low,east,1,2020-06-11
RCU00000039,1977,elite,4,very_high,west,1,2011-04-14
RCU00000040,1986,premium,6,very_high,central,1,2020-11-23
RCU00000041,1976,basic,4,low,central,1,2018-06-16
RCU00000042,1954,elite,5,high,north,0,2019-07-03
RCU00000043,1973,basic,5,medium,west,0,2018-06-24
RCU00000044,1964,premium,1,low,north,1,2019-11-02
RCU00000045,1989,standard,3,high,east,1,2016-01-05
RCU00000046,1956,premium,2,high,south,1,2011-02-21
RCU00000047,1966,basic,1,high,west,0,2022-04-14
RCU00000048,1960,premium,5,low,south,1,2013-02-08
RCU00000049,1971,standard,6,high,north,1,2021-03-19
RCU00000050,1981,elite,5,low,east,1,2010-09-08
RCU00000051,1992,elite,4,low,central,1,2010-12-20
RCU00000052,1954,premium,4,medium,east,0,2018-09-19
RCU00000053,1969,premium,2,very_high,north,1,2012-08-03
RCU00000054,1953,standard,6,very_high,north,0,2020-03-21
RCU00000055,1979,elite,1,very_high,central,1,2012-07-09
RCU00000056,1952,standard,6,high,north,1,2018-12-19
RCU00000057,1986,elite,4,very_high,east,0,2020-06-18
RCU00000058,1975,premium,3,medium,east,1,2017-11-27
RCU00000059,1951,standard,5,high,east,0,2021-12-03
RCU00000060,1986,basic,3,high,east,1,2015-09-14
RCU00000061,1989,standard,5,medium,north,1,2016-11-05
RCU00000062,1977,elite,2,very_high,central,0,2017-03-22
RCU00000063,1953,elite,4,very_high,north,1,2019-11-23
RCU00000064,1981,premium,6,low,north,0,2014-10-24
RCU00000065,1982,basic,3,medium,north,1,2010-09-20
RCU00000066,1973,elite,5,medium,south,1,2012-12-09
RCU00000067,1976,premium,3,medium,south,0,2021-05-24
RCU00000068,1954,elite,3,high,west,1,2020-12-06
RCU00000069,1985,standard,1,medium,north,1,2021-11-05
RCU00000070,1992,elite,3,high,north,1,2015-07-17
RCU00000071,1971,premium,4,low,west,0,2014-01-18
RCU00000072,1962,premium,6,medium,north,1,2022-02-17
RCU00000073,1979,elite,5,very_high,west,0,2020-02-08
RCU00000074,1978,standard,2,medium,south,1,2018-05-11
RCU00000075,1967,basic,6,high,central,1,2018-04-14
RCU00000076,1974,standard,1,high,central,1,2015-11-10
RCU00000077,1951,elite,2,high,central,0,2011-02-26
RCU00000078,1992,basic,1,very_high,north,1,2021-03-20
RCU00000079,1977,basic,5,medium,central,1,2020-08-15
RCU00000080,1978,standard,6,very_high,south,1,2020-09-18
RCU00000081,1985,premium,2,very_high,north,0,2011-08-19
RCU00000082,1976,standard,1,low,south,1,2020-08-28
RCU00000083,1995,standard,5,very_high,east,0,2019-07-15
RCU00000084,1958,basic,4,very_high,west,1,2012-08-19
RCU00000085,1982,premium,2,medium,central,0,2017-11-12
RCU00000086,1954,basic,3,medium,central,0,2014-01-03
RCU00000087,1955,standard,5,medium,north,0,2020-06-14
RCU00000088,1984,standard,1,low,east,0,2014-05-05
RCU00000089,1963,standard,1,high,west,1,2020-10-26
RCU00000090,1986,elite,4,low,east,1,2019-05-15
RCU00000091,1988,basic,4,very_high,south,0,2010-12-19
RCU00000092,1953,premium,6,low,east,1,2013-01-10
RCU00000093,1954,basic,5,medium,north,0,2012-11-10
RCU00000094,1991,standard,3,medium,north,0,2018-09-16
RCU00000095,1978,standard,3,very_high,east,1,2022-06-08
RCU00000096,1966,elite,5,very_high,south,0,2012-06-04
RCU00000097,1963,premium,4,high,south,0,2021-04-20
RCU00000098,1993,standard,6,medium,central,1,2012-05-03
RCU00000099,1967,standard,2,high,west,0,2013-03-20
